Shop URL,Category Sitemap URL,Country,Language
https://stauff.com.br/sitemap.xml,https://stauff.com.br/sitemap-category-en_US-1.xml,US,en
https://stauff.com.br/sitemap.xml,https://stauff.com.br/sitemap-category-pt_BR-1.xml,BR,pt
https://stauff.com.br/sitemap.xml,https://stauff.com.br/sitemap-category-es_ES-1.xml,ES,es
https://stauff.fr/sitemap.xml,https://stauff.fr/sitemap-category-en_GB-1.xml,GB,en
https://stauff.fr/sitemap.xml,https://stauff.fr/sitemap-category-fr_FR-1.xml,FR,fr
https://stauff.com/sitemap.xml,https://stauff.com/sitemap-category-en_GB-1.xml,GB,en
https://stauff.com/sitemap.xml,https://stauff.com/sitemap-category-de_DE-1.xml,DE,de
https://www.stauffusa.com/sitemap.xml,https://www.stauffusa.com/sitemap-category-es_ES-1.xml,ES,es
https://www.stauffusa.com/sitemap.xml,https://www.stauffusa.com/sitemap-category-en_US-1.xml,US,en
https://stauff.co.uk/sitemap.xml,https://stauff.co.uk/sitemap-category-en_GB-1.xml,GB,en
https://stauff.com.au/sitemap.xml,https://stauff.com.au/sitemap-category-en_AU-1.xml,AU,en
https://stauff.co.nz/sitemap.xml,https://stauff.co.nz/sitemap-category-en_AU-1.xml,AU,en
https://stauffcanada.com/sitemap.xml,https://stauffcanada.com/sitemap-category-en_US-1.xml,US,en
https://stauff.ru/sitemap.xml,https://stauff.ru/sitemap-category-en_GB-1.xml,GB,en
https://stauff.ru/sitemap.xml,https://stauff.ru/sitemap-category-ru_RU-1.xml,RU,ru
https://stauff.it/sitemap.xml,https://stauff.it/sitemap-category-en_GB-1.xml,GB,en
https://stauff.it/sitemap.xml,https://stauff.it/sitemap-category-it_IT-1.xml,IT,it
https://stauff.in/sitemap.xml,https://stauff.in/sitemap-category-en_GB-1.xml,GB,en
